Language	Entropy	Count	Type	Model	LR
Afrikaans	5.17766884034	16	MIWord5_Bugfix.py	REAL_REAL	0.001
Afrikaans	8.61841289563	7	MIWord5_Bugfix.py	REVERSE	0.001
Afrikaans	2.84526220138	18	MIWord5_Content_Bugfix.py	REAL_REAL	0.001
Afrikaans	3.86023882589	4	MIWord5_Content_Bugfix.py	REVERSE	0.001
Afrikaans	3.90099111033	27	MIWord5_Content_PlainUD_Bugfix.py	REAL_REAL	0.0001
Afrikaans	4.06969175622	23	MIWord5_Content_PlainUD_Bugfix.py	REVERSE	0.0001
Afrikaans	4.0818256018	11	MIWord5_NoUDArtifacts_Bugfix.py	REAL_REAL	0.001
Afrikaans	4.32181907494	20	MIWord5_NoUDArtifacts_Bugfix.py	REVERSE	0.001
Afrikaans	3.01092916192	17	MIWord5_NoUDArtifacts_PlainUD_Bugfix.py	REAL_REAL	0.001
Afrikaans	4.43972687491	20	MIWord5_NoUDArtifacts_PlainUD_Bugfix.py	REVERSE	0.001
Afrikaans	5.05667342767	13	MIWord5_PlainUD_Bugfix.py	REAL_REAL	0.001
Afrikaans	6.58743263497	16	MIWord5_PlainUD_Bugfix.py	REVERSE	0.001
Amharic-Adap	5.85320378313	15	MIWord5_Bugfix.py	REAL_REAL	0.001
Amharic-Adap	5.04138657984	30	MIWord5_Bugfix.py	REVERSE	0.001
Amharic-Adap	3.08533251546	8	MIWord5_Content_Bugfix.py	REAL_REAL	0.001
Amharic-Adap	3.08532649981	8	MIWord5_Content_Bugfix.py	REVERSE	0.001
Amharic-Adap	3.00149661172	93	MIWord5_Content_PlainUD_Bugfix.py	REAL_REAL	0.0001
Amharic-Adap	3.04022747148	79	MIWord5_Content_PlainUD_Bugfix.py	REVERSE	0.0001
Amharic-Adap	4.02279937423	18	MIWord5_NoUDArtifacts_Bugfix.py	REAL_REAL	0.001
Amharic-Adap	4.50546488127	11	MIWord5_NoUDArtifacts_Bugfix.py	REVERSE	0.001
Amharic-Adap	3.31476135337	31	MIWord5_NoUDArtifacts_PlainUD_Bugfix.py	REAL_REAL	0.001
Amharic-Adap	4.45969370567	7	MIWord5_NoUDArtifacts_PlainUD_Bugfix.py	REVERSE	0.001
Amharic-Adap	4.03769401536	37	MIWord5_PlainUD_Bugfix.py	REAL_REAL	0.001
Amharic-Adap	6.43763584393	8	MIWord5_PlainUD_Bugfix.py	REVERSE	0.001
Ancient_Greek	7.09123302477	3	MIWord5_Bugfix.py	REAL_REAL	0.001
Ancient_Greek	8.55330072985	5	MIWord5_Bugfix.py	REVERSE	0.001
Ancient_Greek	3.69520014921	12	MIWord5_Content_Bugfix.py	REAL_REAL	0.001
Ancient_Greek	4.5385380106	11	MIWord5_Content_Bugfix.py	REVERSE	0.001
Ancient_Greek	4.84885136021	9	MIWord5_Content_PlainUD_Bugfix.py	REAL_REAL	0.0001
Ancient_Greek	5.41058460636	6	MIWord5_Content_PlainUD_Bugfix.py	REVERSE	0.0001
Ancient_Greek	4.09456064097	9	MIWord5_NoUDArtifacts_Bugfix.py	REAL_REAL	0.001
Ancient_Greek	4.95428723766	13	MIWord5_NoUDArtifacts_Bugfix.py	REVERSE	0.001
Ancient_Greek	3.68426979658	17	MIWord5_NoUDArtifacts_PlainUD_Bugfix.py	REAL_REAL	0.001
Ancient_Greek	5.11283835797	9	MIWord5_NoUDArtifacts_PlainUD_Bugfix.py	REVERSE	0.001
Ancient_Greek	5.75470163529	10	MIWord5_PlainUD_Bugfix.py	REAL_REAL	0.001
Ancient_Greek	7.92680508391	7	MIWord5_PlainUD_Bugfix.py	REVERSE	0.001
Arabic	5.66718810365	8	MIWord5_Bugfix.py	REAL_REAL	0.001
Arabic	6.19402513409	2	MIWord5_Bugfix.py	REVERSE	0.001
Arabic	2.87931145088	18	MIWord5_Content_Bugfix.py	REAL_REAL	0.001
Arabic	2.32652842228	9	MIWord5_Content_Bugfix.py	REVERSE	0.001
Arabic	3.48035128741	9	MIWord5_Content_PlainUD_Bugfix.py	REAL_REAL	0.0001
Arabic	2.80623280668	11	MIWord5_Content_PlainUD_Bugfix.py	REVERSE	0.0001
Arabic	3.10683257382	14	MIWord5_NoUDArtifacts_Bugfix.py	REAL_REAL	0.001
Arabic	2.60118817619	13	MIWord5_NoUDArtifacts_Bugfix.py	REVERSE	0.001
Arabic	3.0282163493	16	MIWord5_NoUDArtifacts_PlainUD_Bugfix.py	REAL_REAL	0.001
Arabic	2.67440647613	13	MIWord5_NoUDArtifacts_PlainUD_Bugfix.py	REVERSE	0.001
Arabic	5.00973273387	11	MIWord5_PlainUD_Bugfix.py	REAL_REAL	0.001
Arabic	5.84372680972	2	MIWord5_PlainUD_Bugfix.py	REVERSE	0.001
Armenian-Adap	5.62584271478	36	MIWord5_Bugfix.py	REAL_REAL	0.001
Armenian-Adap	6.93745832775	7	MIWord5_Bugfix.py	REVERSE	0.001
Armenian-Adap	3.38076916026	6	MIWord5_Content_Bugfix.py	REAL_REAL	0.001
Armenian-Adap	3.33732507419	9	MIWord5_Content_Bugfix.py	REVERSE	0.001
Armenian-Adap	3.59346265164	39	MIWord5_Content_PlainUD_Bugfix.py	REAL_REAL	0.0001
Armenian-Adap	3.58714093557	38	MIWord5_Content_PlainUD_Bugfix.py	REVERSE	0.0001
Armenian-Adap	4.36816105499	5	MIWord5_NoUDArtifacts_Bugfix.py	REAL_REAL	0.001
Armenian-Adap	4.34620117667	6	MIWord5_NoUDArtifacts_Bugfix.py	REVERSE	0.001
Armenian-Adap	4.39990903726	10	MIWord5_NoUDArtifacts_PlainUD_Bugfix.py	REAL_REAL	0.001
Armenian-Adap	4.48871910869	7	MIWord5_NoUDArtifacts_PlainUD_Bugfix.py	REVERSE	0.001
Armenian-Adap	7.2760983581	4	MIWord5_PlainUD_Bugfix.py	REAL_REAL	0.001
Armenian-Adap	7.2781890091	5	MIWord5_PlainUD_Bugfix.py	REVERSE	0.001
Bambara-Adap	3.56189733253	24	MIWord5_Bugfix.py	REAL_REAL	0.001
Bambara-Adap	4.81148152757	20	MIWord5_Bugfix.py	REVERSE	0.001
Bambara-Adap	1.90499310108	13	MIWord5_Content_Bugfix.py	REAL_REAL	0.001
Bambara-Adap	2.00202342075	12	MIWord5_Content_Bugfix.py	REVERSE	0.001
Bambara-Adap	1.96883978906	103	MIWord5_Content_PlainUD_Bugfix.py	REAL_REAL	0.0001
Bambara-Adap	2.07087862302	108	MIWord5_Content_PlainUD_Bugfix.py	REVERSE	0.0001
Bambara-Adap	2.19389642348	17	MIWord5_NoUDArtifacts_Bugfix.py	REAL_REAL	0.001
Bambara-Adap	2.10404269186	34	MIWord5_NoUDArtifacts_Bugfix.py	REVERSE	0.001
Bambara-Adap	1.97009868398	22	MIWord5_NoUDArtifacts_PlainUD_Bugfix.py	REAL_REAL	0.001
Bambara-Adap	2.16620872527	29	MIWord5_NoUDArtifacts_PlainUD_Bugfix.py	REVERSE	0.001
Bambara-Adap	3.81508778158	19	MIWord5_PlainUD_Bugfix.py	REAL_REAL	0.001
Bambara-Adap	4.52000829015	22	MIWord5_PlainUD_Bugfix.py	REVERSE	0.001
Basque	3.90450804922	24	MIWord5_Bugfix.py	REAL_REAL	0.001
Basque	4.46266116819	26	MIWord5_Bugfix.py	REVERSE	0.001
Basque	2.63478906776	15	MIWord5_Content_Bugfix.py	REAL_REAL	0.001
Basque	2.77384387272	23	MIWord5_Content_Bugfix.py	REVERSE	0.001
Basque	2.79083323519	75	MIWord5_Content_PlainUD_Bugfix.py	REAL_REAL	0.0001
Basque	3.52586809714	18	MIWord5_Content_PlainUD_Bugfix.py	REVERSE	0.0001
Basque	2.89128629325	15	MIWord5_NoUDArtifacts_Bugfix.py	REAL_REAL	0.001
Basque	3.14259192824	17	MIWord5_NoUDArtifacts_Bugfix.py	REVERSE	0.001
Basque	2.75917891742	18	MIWord5_NoUDArtifacts_PlainUD_Bugfix.py	REAL_REAL	0.001
Basque	2.93344848767	23	MIWord5_NoUDArtifacts_PlainUD_Bugfix.py	REVERSE	0.001
Basque	3.87516443492	26	MIWord5_PlainUD_Bugfix.py	REAL_REAL	0.001
Basque	4.59152590187	24	MIWord5_PlainUD_Bugfix.py	REVERSE	0.001
Breton-Adap	4.22846353679	31	MIWord5_Bugfix.py	REAL_REAL	0.001
Breton-Adap	6.22142011844	14	MIWord5_Bugfix.py	REVERSE	0.001
Breton-Adap	2.55204754922	14	MIWord5_Content_Bugfix.py	REAL_REAL	0.001
Breton-Adap	2.59010944	11	MIWord5_Content_Bugfix.py	REVERSE	0.001
Breton-Adap	2.71417697285	91	MIWord5_Content_PlainUD_Bugfix.py	REAL_REAL	0.0001
Breton-Adap	2.74020093388	81	MIWord5_Content_PlainUD_Bugfix.py	REVERSE	0.0001
Breton-Adap	2.81706270305	32	MIWord5_NoUDArtifacts_Bugfix.py	REAL_REAL	0.001
Breton-Adap	4.0618840977	10	MIWord5_NoUDArtifacts_Bugfix.py	REVERSE	0.001
Breton-Adap	3.05160403543	26	MIWord5_NoUDArtifacts_PlainUD_Bugfix.py	REAL_REAL	0.001
Breton-Adap	4.2816291985	9	MIWord5_NoUDArtifacts_PlainUD_Bugfix.py	REVERSE	0.001
Breton-Adap	4.1488221617	32	MIWord5_PlainUD_Bugfix.py	REAL_REAL	0.001
Breton-Adap	6.83299012743	7	MIWord5_PlainUD_Bugfix.py	REVERSE	0.001
Bulgarian	2.65601793922	24	MIWord5_Bugfix.py	REAL_REAL	0.001
Bulgarian	3.67101611966	15	MIWord5_Bugfix.py	REVERSE	0.001
Bulgarian	1.59891037177	23	MIWord5_Content_Bugfix.py	REAL_REAL	0.001
Bulgarian	2.39572502675	13	MIWord5_Content_Bugfix.py	REVERSE	0.001
Bulgarian	2.54260531443	31	MIWord5_Content_PlainUD_Bugfix.py	REAL_REAL	0.0001
Bulgarian	3.05092913428	42	MIWord5_Content_PlainUD_Bugfix.py	REVERSE	0.0001
Bulgarian	1.86365474102	17	MIWord5_NoUDArtifacts_Bugfix.py	REAL_REAL	0.001
Bulgarian	2.77328932747	17	MIWord5_NoUDArtifacts_Bugfix.py	REVERSE	0.001
Bulgarian	1.94625137547	13	MIWord5_NoUDArtifacts_PlainUD_Bugfix.py	REAL_REAL	0.001
Bulgarian	3.11513738198	15	MIWord5_NoUDArtifacts_PlainUD_Bugfix.py	REVERSE	0.001
Bulgarian	2.70945862084	22	MIWord5_PlainUD_Bugfix.py	REAL_REAL	0.001
Bulgarian	3.99461672986	20	MIWord5_PlainUD_Bugfix.py	REVERSE	0.001
Buryat-Adap	4.54511943654	31	MIWord5_Bugfix.py	REAL_REAL	0.001
Buryat-Adap	5.7156948833	9	MIWord5_Bugfix.py	REVERSE	0.001
Buryat-Adap	3.50055117161	11	MIWord5_Content_Bugfix.py	REAL_REAL	0.001
Buryat-Adap	3.58578625642	10	MIWord5_Content_Bugfix.py	REVERSE	0.001
Buryat-Adap	3.61110082337	47	MIWord5_Content_PlainUD_Bugfix.py	REAL_REAL	0.0001
Buryat-Adap	3.63869404835	40	MIWord5_Content_PlainUD_Bugfix.py	REVERSE	0.0001
Buryat-Adap	3.47181362954	19	MIWord5_NoUDArtifacts_Bugfix.py	REAL_REAL	0.001
Buryat-Adap	3.88643911781	5	MIWord5_NoUDArtifacts_Bugfix.py	REVERSE	0.001
Buryat-Adap	3.48275673789	17	MIWord5_NoUDArtifacts_PlainUD_Bugfix.py	REAL_REAL	0.001
Buryat-Adap	3.8909502719	6	MIWord5_NoUDArtifacts_PlainUD_Bugfix.py	REVERSE	0.001
Buryat-Adap	4.92024141687	20	MIWord5_PlainUD_Bugfix.py	REAL_REAL	0.001
Buryat-Adap	5.80480172647	6	MIWord5_PlainUD_Bugfix.py	REVERSE	0.001
Cantonese-Adap	5.8484914234	25	MIWord5_Bugfix.py	REAL_REAL	0.001
Cantonese-Adap	5.85259381318	23	MIWord5_Bugfix.py	REVERSE	0.001
Cantonese-Adap	2.32853229053	16	MIWord5_Content_Bugfix.py	REAL_REAL	0.001
Cantonese-Adap	2.31388166664	18	MIWord5_Content_Bugfix.py	REVERSE	0.001
Cantonese-Adap	2.37344794462	127	MIWord5_Content_PlainUD_Bugfix.py	REAL_REAL	0.0001
Cantonese-Adap	2.35888731124	128	MIWord5_Content_PlainUD_Bugfix.py	REVERSE	0.0001
Cantonese-Adap	2.85950592737	11	MIWord5_NoUDArtifacts_Bugfix.py	REAL_REAL	0.001
Cantonese-Adap	2.81746255124	17	MIWord5_NoUDArtifacts_Bugfix.py	REVERSE	0.001
Cantonese-Adap	2.86913745098	14	MIWord5_NoUDArtifacts_PlainUD_Bugfix.py	REAL_REAL	0.001
Cantonese-Adap	2.86492726663	14	MIWord5_NoUDArtifacts_PlainUD_Bugfix.py	REVERSE	0.001
Cantonese-Adap	6.15147738255	11	MIWord5_PlainUD_Bugfix.py	REAL_REAL	0.001
Cantonese-Adap	6.08926982944	17	MIWord5_PlainUD_Bugfix.py	REVERSE	0.001
Catalan	3.6073878731	17	MIWord5_Bugfix.py	REAL_REAL	0.001
Catalan	5.99269115553	2	MIWord5_Bugfix.py	REVERSE	0.001
Catalan	2.01296596755	14	MIWord5_Content_Bugfix.py	REAL_REAL	0.001
Catalan	2.20767418173	20	MIWord5_Content_Bugfix.py	REVERSE	0.001
Catalan	2.42295466288	35	MIWord5_Content_PlainUD_Bugfix.py	REAL_REAL	0.0001
Catalan	3.30951298826	13	MIWord5_Content_PlainUD_Bugfix.py	REVERSE	0.0001
Catalan	2.38963264088	10	MIWord5_NoUDArtifacts_Bugfix.py	REAL_REAL	0.001
Catalan	3.22551222014	7	MIWord5_NoUDArtifacts_Bugfix.py	REVERSE	0.001
Catalan	2.29301024123	20	MIWord5_NoUDArtifacts_PlainUD_Bugfix.py	REAL_REAL	0.001
Catalan	3.2999405233	18	MIWord5_NoUDArtifacts_PlainUD_Bugfix.py	REVERSE	0.001
Catalan	3.89654282323	11	MIWord5_PlainUD_Bugfix.py	REAL_REAL	0.001
Catalan	4.86656433938	13	MIWord5_PlainUD_Bugfix.py	REVERSE	0.001
Chinese	5.3019172128	20	MIWord5_Bugfix.py	REAL_REAL	0.001
Chinese	7.5186125225	20	MIWord5_Bugfix.py	REVERSE	0.001
Chinese	3.13223121626	25	MIWord5_Content_Bugfix.py	REAL_REAL	0.001
Chinese	4.42909397349	11	MIWord5_Content_Bugfix.py	REVERSE	0.001
Chinese	4.17212833831	24	MIWord5_Content_PlainUD_Bugfix.py	REAL_REAL	0.0001
Chinese	4.81021207122	18	MIWord5_Content_PlainUD_Bugfix.py	REVERSE	0.0001
Chinese	3.94849420778	24	MIWord5_NoUDArtifacts_Bugfix.py	REAL_REAL	0.001
Chinese	5.64950313431	13	MIWord5_NoUDArtifacts_Bugfix.py	REVERSE	0.001
Chinese	3.65854072921	22	MIWord5_NoUDArtifacts_PlainUD_Bugfix.py	REAL_REAL	0.001
Chinese	5.4956684227	12	MIWord5_NoUDArtifacts_PlainUD_Bugfix.py	REVERSE	0.001
Chinese	4.67615903359	23	MIWord5_PlainUD_Bugfix.py	REAL_REAL	0.001
Chinese	7.19859298586	22	MIWord5_PlainUD_Bugfix.py	REVERSE	0.001
Coptic	5.52318570168	20	MIWord5_Bugfix.py	REAL_REAL	0.001
Coptic	6.43026099781	19	MIWord5_Bugfix.py	REVERSE	0.001
Coptic	2.79294533363	9	MIWord5_Content_Bugfix.py	REAL_REAL	0.001
Coptic	2.78377207033	8	MIWord5_Content_Bugfix.py	REVERSE	0.001
Coptic	3.29184984794	49	MIWord5_Content_PlainUD_Bugfix.py	REAL_REAL	0.0001
Coptic	3.31491975732	41	MIWord5_Content_PlainUD_Bugfix.py	REVERSE	0.0001
Coptic	2.98269154108	25	MIWord5_NoUDArtifacts_Bugfix.py	REAL_REAL	0.001
Coptic	4.39875146635	6	MIWord5_NoUDArtifacts_Bugfix.py	REVERSE	0.001
Coptic	4.67396832875	8	MIWord5_NoUDArtifacts_PlainUD_Bugfix.py	REAL_REAL	0.001
Coptic	5.11336329743	5	MIWord5_NoUDArtifacts_PlainUD_Bugfix.py	REVERSE	0.001
Coptic	4.98656287665	27	MIWord5_PlainUD_Bugfix.py	REAL_REAL	0.001
Coptic	8.88056014344	7	MIWord5_PlainUD_Bugfix.py	REVERSE	0.001
Croatian	4.00717172942	14	MIWord5_Bugfix.py	REAL_REAL	0.001
Croatian	5.70227079451	8	MIWord5_Bugfix.py	REVERSE	0.001
Croatian	1.97499513239	13	MIWord5_Content_Bugfix.py	REAL_REAL	0.001
Croatian	2.90522947773	8	MIWord5_Content_Bugfix.py	REVERSE	0.001
Croatian	2.51250703706	35	MIWord5_Content_PlainUD_Bugfix.py	REAL_REAL	0.0001
Croatian	3.27947635486	32	MIWord5_Content_PlainUD_Bugfix.py	REVERSE	0.0001
Croatian	2.18020308712	18	MIWord5_NoUDArtifacts_Bugfix.py	REAL_REAL	0.001
Croatian	3.32094749751	20	MIWord5_NoUDArtifacts_Bugfix.py	REVERSE	0.001
Croatian	2.29481332947	14	MIWord5_NoUDArtifacts_PlainUD_Bugfix.py	REAL_REAL	0.001
Croatian	3.66825525783	17	MIWord5_NoUDArtifacts_PlainUD_Bugfix.py	REVERSE	0.001
Croatian	3.85219574208	17	MIWord5_PlainUD_Bugfix.py	REAL_REAL	0.001
Croatian	5.731189128	14	MIWord5_PlainUD_Bugfix.py	REVERSE	0.001
Czech	2.90419166777	9	MIWord5_Bugfix.py	REAL_REAL	0.001
Czech	3.81940188649	14	MIWord5_Bugfix.py	REVERSE	0.001
Czech	1.37983035149	17	MIWord5_Content_Bugfix.py	REAL_REAL	0.001
Czech	1.99887623086	10	MIWord5_Content_Bugfix.py	REVERSE	0.001
Czech	1.6903605255	24	MIWord5_Content_PlainUD_Bugfix.py	REAL_REAL	0.0001
Czech	2.37152073562	28	MIWord5_Content_PlainUD_Bugfix.py	REVERSE	0.0001
Czech	1.5430328849	13	MIWord5_NoUDArtifacts_Bugfix.py	REAL_REAL	0.001
Czech	2.44607762217	12	MIWord5_NoUDArtifacts_Bugfix.py	REVERSE	0.001
Czech	1.57797216412	11	MIWord5_NoUDArtifacts_PlainUD_Bugfix.py	REAL_REAL	0.001
Czech	2.63216062202	17	MIWord5_NoUDArtifacts_PlainUD_Bugfix.py	REVERSE	0.001
Czech	2.8577560021	12	MIWord5_PlainUD_Bugfix.py	REAL_REAL	0.001
Czech	4.22649995363	14	MIWord5_PlainUD_Bugfix.py	REVERSE	0.001
Danish	4.58026644007	11	MIWord5_Bugfix.py	REAL_REAL	0.001
Danish	4.94965902909	21	MIWord5_Bugfix.py	REVERSE	0.001
Danish	2.53508537849	11	MIWord5_Content_Bugfix.py	REAL_REAL	0.001
Danish	2.57318925414	25	MIWord5_Content_Bugfix.py	REVERSE	0.001
Danish	3.58061093583	36	MIWord5_Content_PlainUD_Bugfix.py	REAL_REAL	0.0001
Danish	3.78937583375	17	MIWord5_Content_PlainUD_Bugfix.py	REVERSE	0.0001
Danish	2.63619801138	25	MIWord5_NoUDArtifacts_Bugfix.py	REAL_REAL	0.001
Danish	3.39610494328	23	MIWord5_NoUDArtifacts_Bugfix.py	REVERSE	0.001
Danish	2.74184038853	22	MIWord5_NoUDArtifacts_PlainUD_Bugfix.py	REAL_REAL	0.001
Danish	4.04049809285	16	MIWord5_NoUDArtifacts_PlainUD_Bugfix.py	REVERSE	0.001
Danish	4.26978620122	16	MIWord5_PlainUD_Bugfix.py	REAL_REAL	0.001
Danish	5.80622443433	15	MIWord5_PlainUD_Bugfix.py	REVERSE	0.001
Dutch	3.15919382496	14	MIWord5_Bugfix.py	REAL_REAL	0.001
Dutch	4.27957032076	16	MIWord5_Bugfix.py	REVERSE	0.001
Dutch	1.59394076679	12	MIWord5_Content_Bugfix.py	REAL_REAL	0.001
Dutch	2.2061822092	10	MIWord5_Content_Bugfix.py	REVERSE	0.001
Dutch	1.8645239681	42	MIWord5_Content_PlainUD_Bugfix.py	REAL_REAL	0.0001
Dutch	3.16955530566	17	MIWord5_Content_PlainUD_Bugfix.py	REVERSE	0.0001
Dutch	1.7480710424	19	MIWord5_NoUDArtifacts_Bugfix.py	REAL_REAL	0.001
Dutch	2.85773360308	10	MIWord5_NoUDArtifacts_Bugfix.py	REVERSE	0.001
Dutch	1.80391920558	15	MIWord5_NoUDArtifacts_PlainUD_Bugfix.py	REAL_REAL	0.001
Dutch	3.00584754766	16	MIWord5_NoUDArtifacts_PlainUD_Bugfix.py	REVERSE	0.001
Dutch	3.08243474509	18	MIWord5_PlainUD_Bugfix.py	REAL_REAL	0.001
Dutch	4.63443829143	16	MIWord5_PlainUD_Bugfix.py	REVERSE	0.001
English	3.07406580745	21	MIWord5_Bugfix.py	REAL_REAL	0.001
English	4.33043557859	11	MIWord5_Bugfix.py	REVERSE	0.001
English	1.55125729691	12	MIWord5_Content_Bugfix.py	REAL_REAL	0.001
English	2.00512810079	22	MIWord5_Content_Bugfix.py	REVERSE	0.001
English	2.14725915622	24	MIWord5_Content_PlainUD_Bugfix.py	REAL_REAL	0.0001
English	2.64296229936	29	MIWord5_Content_PlainUD_Bugfix.py	REVERSE	0.0001
English	1.76488038343	14	MIWord5_NoUDArtifacts_Bugfix.py	REAL_REAL	0.001
English	2.74577358832	10	MIWord5_NoUDArtifacts_Bugfix.py	REVERSE	0.001
English	1.81403872817	14	MIWord5_NoUDArtifacts_PlainUD_Bugfix.py	REAL_REAL	0.001
English	2.96588042284	12	MIWord5_NoUDArtifacts_PlainUD_Bugfix.py	REVERSE	0.001
English	3.17509186673	15	MIWord5_PlainUD_Bugfix.py	REAL_REAL	0.001
English	4.73881315022	12	MIWord5_PlainUD_Bugfix.py	REVERSE	0.001
Erzya-Adap	5.33125863615	4	MIWord5_Bugfix.py	REAL_REAL	0.001
Erzya-Adap	5.43269772998	3	MIWord5_Bugfix.py	REVERSE	0.001
Erzya-Adap	2.4636820439	10	MIWord5_Content_Bugfix.py	REAL_REAL	0.001
Erzya-Adap	2.47550374645	7	MIWord5_Content_Bugfix.py	REVERSE	0.001
Erzya-Adap	2.53665710742	41	MIWord5_Content_PlainUD_Bugfix.py	REAL_REAL	0.0001
Erzya-Adap	2.53187718997	43	MIWord5_Content_PlainUD_Bugfix.py	REVERSE	0.0001
Erzya-Adap	2.98891574469	9	MIWord5_NoUDArtifacts_Bugfix.py	REAL_REAL	0.001
Erzya-Adap	3.01678836969	6	MIWord5_NoUDArtifacts_Bugfix.py	REVERSE	0.001
Erzya-Adap	3.00570161569	8	MIWord5_NoUDArtifacts_PlainUD_Bugfix.py	REAL_REAL	0.001
Erzya-Adap	3.01839574093	7	MIWord5_NoUDArtifacts_PlainUD_Bugfix.py	REVERSE	0.001
Erzya-Adap	5.23849125478	8	MIWord5_PlainUD_Bugfix.py	REAL_REAL	0.001
Erzya-Adap	5.34127748738	5	MIWord5_PlainUD_Bugfix.py	REVERSE	0.001
Estonian	4.22859708267	18	MIWord5_Bugfix.py	REAL_REAL	0.001
Estonian	4.88995881421	23	MIWord5_Bugfix.py	REVERSE	0.001
Estonian	2.16988894255	24	MIWord5_Content_Bugfix.py	REAL_REAL	0.001
Estonian	2.61445382429	25	MIWord5_Content_Bugfix.py	REVERSE	0.001
Estonian	2.77485129431	52	MIWord5_Content_PlainUD_Bugfix.py	REAL_REAL	0.0001
Estonian	3.46331793184	18	MIWord5_Content_PlainUD_Bugfix.py	REVERSE	0.0001
Estonian	2.51516122641	25	MIWord5_NoUDArtifacts_Bugfix.py	REAL_REAL	0.001
Estonian	3.29576551887	23	MIWord5_NoUDArtifacts_Bugfix.py	REVERSE	0.001
Estonian	2.64085133037	15	MIWord5_NoUDArtifacts_PlainUD_Bugfix.py	REAL_REAL	0.001
Estonian	4.52097156468	2	MIWord5_NoUDArtifacts_PlainUD_Bugfix.py	REVERSE	0.001
Estonian	3.91258110081	27	MIWord5_PlainUD_Bugfix.py	REAL_REAL	0.001
Estonian	6.70049716406	4	MIWord5_PlainUD_Bugfix.py	REVERSE	0.001
Faroese-Adap	2.72130238393	29	MIWord5_Bugfix.py	REAL_REAL	0.001
Faroese-Adap	3.24849630865	43	MIWord5_Bugfix.py	REVERSE	0.001
Faroese-Adap	1.73001009061	15	MIWord5_Content_Bugfix.py	REAL_REAL	0.001
Faroese-Adap	1.86941227815	9	MIWord5_Content_Bugfix.py	REVERSE	0.001
Faroese-Adap	1.90068128909	112	MIWord5_Content_PlainUD_Bugfix.py	REAL_REAL	0.0001
Faroese-Adap	2.01136188071	74	MIWord5_Content_PlainUD_Bugfix.py	REVERSE	0.0001
Faroese-Adap	1.29762832065	47	MIWord5_NoUDArtifacts_Bugfix.py	REAL_REAL	0.001
Faroese-Adap	2.52526954336	27	MIWord5_NoUDArtifacts_Bugfix.py	REVERSE	0.001
Faroese-Adap	1.48666728188	34	MIWord5_NoUDArtifacts_PlainUD_Bugfix.py	REAL_REAL	0.001
Faroese-Adap	2.69151492411	21	MIWord5_NoUDArtifacts_PlainUD_Bugfix.py	REVERSE	0.001
Faroese-Adap	1.99379093351	45	MIWord5_PlainUD_Bugfix.py	REAL_REAL	0.001
Faroese-Adap	3.73841383999	31	MIWord5_PlainUD_Bugfix.py	REVERSE	0.001
Finnish	3.19596618158	20	MIWord5_Bugfix.py	REAL_REAL	0.001
Finnish	4.183941325	15	MIWord5_Bugfix.py	REVERSE	0.001
Finnish	1.95063534478	20	MIWord5_Content_Bugfix.py	REAL_REAL	0.001
Finnish	2.70060590391	8	MIWord5_Content_Bugfix.py	REVERSE	0.001
Finnish	2.26933835506	52	MIWord5_Content_PlainUD_Bugfix.py	REAL_REAL	0.0001
Finnish	3.06420447096	32	MIWord5_Content_PlainUD_Bugfix.py	REVERSE	0.0001
Finnish	2.12007754693	22	MIWord5_NoUDArtifacts_Bugfix.py	REAL_REAL	0.001
Finnish	2.91457272332	17	MIWord5_NoUDArtifacts_Bugfix.py	REVERSE	0.001
Finnish	2.12233315674	19	MIWord5_NoUDArtifacts_PlainUD_Bugfix.py	REAL_REAL	0.001
Finnish	3.00826413306	17	MIWord5_NoUDArtifacts_PlainUD_Bugfix.py	REVERSE	0.001
Finnish	3.12513090626	21	MIWord5_PlainUD_Bugfix.py	REAL_REAL	0.001
Finnish	4.26150486446	22	MIWord5_PlainUD_Bugfix.py	REVERSE	0.001
French	3.46509534089	10	MIWord5_Bugfix.py	REAL_REAL	0.001
French	3.88372021064	10	MIWord5_Bugfix.py	REVERSE	0.001
French	1.95593294372	8	MIWord5_Content_Bugfix.py	REVERSE	0.001
French	1.98922095088	28	MIWord5_Content_PlainUD_Bugfix.py	REAL_REAL	0.0001
French	2.42140978554	25	MIWord5_Content_PlainUD_Bugfix.py	REVERSE	0.0001
French	1.93481103525	7	MIWord5_NoUDArtifacts_Bugfix.py	REAL_REAL	0.001
French	2.28455758048	18	MIWord5_NoUDArtifacts_Bugfix.py	REVERSE	0.001
French	1.90905495865	14	MIWord5_NoUDArtifacts_PlainUD_Bugfix.py	REAL_REAL	0.001
French	2.62417790488	15	MIWord5_NoUDArtifacts_PlainUD_Bugfix.py	REVERSE	0.001
French	3.49306248607	13	MIWord5_PlainUD_Bugfix.py	REAL_REAL	0.001
French	4.33821426597	12	MIWord5_PlainUD_Bugfix.py	REVERSE	0.001
German	3.44220644817	17	MIWord5_Bugfix.py	REAL_REAL	0.001
German	5.17687066991	14	MIWord5_Bugfix.py	REVERSE	0.001
German	1.85229582172	14	MIWord5_Content_Bugfix.py	REAL_REAL	0.001
German	2.63898032879	17	MIWord5_Content_Bugfix.py	REVERSE	0.001
German	2.57482326452	25	MIWord5_Content_PlainUD_Bugfix.py	REAL_REAL	0.0001
German	4.05255459507	11	MIWord5_Content_PlainUD_Bugfix.py	REVERSE	0.0001
German	2.09788539335	17	MIWord5_NoUDArtifacts_Bugfix.py	REAL_REAL	0.001
German	3.41478767505	15	MIWord5_NoUDArtifacts_Bugfix.py	REVERSE	0.001
German	2.07437762312	18	MIWord5_NoUDArtifacts_PlainUD_Bugfix.py	REAL_REAL	0.001
German	3.64566421401	14	MIWord5_NoUDArtifacts_PlainUD_Bugfix.py	REVERSE	0.001
German	3.41304002935	13	MIWord5_PlainUD_Bugfix.py	REAL_REAL	0.001
German	5.51818847166	12	MIWord5_PlainUD_Bugfix.py	REVERSE	0.001
Gothic	6.57563028452	8	MIWord5_Bugfix.py	REAL_REAL	0.001
Gothic	6.08041202746	34	MIWord5_Bugfix.py	REVERSE	0.001
Gothic	3.92337925137	4	MIWord5_Content_Bugfix.py	REAL_REAL	0.001
Gothic	3.90082788962	8	MIWord5_Content_Bugfix.py	REVERSE	0.001
Gothic	3.99621106151	33	MIWord5_Content_PlainUD_Bugfix.py	REAL_REAL	0.0001
Gothic	4.03573469704	28	MIWord5_Content_PlainUD_Bugfix.py	REVERSE	0.0001
Gothic	3.01054673363	27	MIWord5_NoUDArtifacts_Bugfix.py	REAL_REAL	0.001
Gothic	4.09768621422	13	MIWord5_NoUDArtifacts_Bugfix.py	REVERSE	0.001
Gothic	3.03619544521	23	MIWord5_NoUDArtifacts_PlainUD_Bugfix.py	REAL_REAL	0.001
Gothic	3.85412263658	23	MIWord5_NoUDArtifacts_PlainUD_Bugfix.py	REVERSE	0.001
Gothic	5.25487043409	14	MIWord5_PlainUD_Bugfix.py	REAL_REAL	0.001
Gothic	7.41810474802	7	MIWord5_PlainUD_Bugfix.py	REVERSE	0.001
Greek	3.81140658523	21	MIWord5_Bugfix.py	REAL_REAL	0.001
Greek	4.74118726436	25	MIWord5_Bugfix.py	REVERSE	0.001
Greek	3.32900624849	3	MIWord5_Content_Bugfix.py	REAL_REAL	0.001
Greek	2.74190801635	17	MIWord5_Content_Bugfix.py	REVERSE	0.001
Greek	3.59631748555	16	MIWord5_Content_PlainUD_Bugfix.py	REAL_REAL	0.0001
Greek	3.59855801281	17	MIWord5_Content_PlainUD_Bugfix.py	REVERSE	0.0001
Greek	3.04984616909	10	MIWord5_NoUDArtifacts_Bugfix.py	REAL_REAL	0.001
Greek	3.94324211676	6	MIWord5_NoUDArtifacts_Bugfix.py	REVERSE	0.001
Greek	2.54007475374	16	MIWord5_NoUDArtifacts_PlainUD_Bugfix.py	REAL_REAL	0.001
Greek	4.25256945965	7	MIWord5_NoUDArtifacts_PlainUD_Bugfix.py	REVERSE	0.001
Greek	4.24318879945	14	MIWord5_PlainUD_Bugfix.py	REAL_REAL	0.001
Greek	6.25039378909	11	MIWord5_PlainUD_Bugfix.py	REVERSE	0.001
Hebrew	4.29599257135	8	MIWord5_Bugfix.py	REAL_REAL	0.001
Hebrew	4.4296984502	10	MIWord5_Bugfix.py	REVERSE	0.001
Hebrew	2.10768463426	15	MIWord5_Content_Bugfix.py	REAL_REAL	0.001
Hebrew	1.91521074641	17	MIWord5_Content_Bugfix.py	REVERSE	0.001
Hebrew	3.41286450436	12	MIWord5_Content_PlainUD_Bugfix.py	REAL_REAL	0.0001
Hebrew	3.4510455417	12	MIWord5_Content_PlainUD_Bugfix.py	REVERSE	0.0001
Hebrew	2.31593558201	15	MIWord5_NoUDArtifacts_Bugfix.py	REAL_REAL	0.001
Hebrew	2.49477453799	22	MIWord5_NoUDArtifacts_Bugfix.py	REVERSE	0.001
Hebrew	2.40977076486	16	MIWord5_NoUDArtifacts_PlainUD_Bugfix.py	REAL_REAL	0.001
Hebrew	3.53608964649	5	MIWord5_NoUDArtifacts_PlainUD_Bugfix.py	REVERSE	0.001
Hebrew	4.08516216893	15	MIWord5_PlainUD_Bugfix.py	REAL_REAL	0.001
Hebrew	4.86162432648	16	MIWord5_PlainUD_Bugfix.py	REVERSE	0.001
Hindi	2.19882791139	18	MIWord5_Bugfix.py	REAL_REAL	0.001
Hindi	4.98511108724	13	MIWord5_Bugfix.py	REVERSE	0.001
Hindi	1.41694800792	12	MIWord5_Content_Bugfix.py	REAL_REAL	0.001
Hindi	2.28606021726	9	MIWord5_Content_Bugfix.py	REVERSE	0.001
Hindi	2.60870547038	12	MIWord5_Content_PlainUD_Bugfix.py	REAL_REAL	0.0001
Hindi	3.09251540248	25	MIWord5_Content_PlainUD_Bugfix.py	REVERSE	0.0001
Hindi	1.73942516591	9	MIWord5_NoUDArtifacts_Bugfix.py	REAL_REAL	0.001
Hindi	2.98981739088	15	MIWord5_NoUDArtifacts_Bugfix.py	REVERSE	0.001
Hindi	1.92056914027	12	MIWord5_NoUDArtifacts_PlainUD_Bugfix.py	REAL_REAL	0.001
Hindi	3.39009075511	9	MIWord5_NoUDArtifacts_PlainUD_Bugfix.py	REVERSE	0.001
Hindi	2.48578464696	15	MIWord5_PlainUD_Bugfix.py	REAL_REAL	0.001
Hindi	5.34159259285	16	MIWord5_PlainUD_Bugfix.py	REVERSE	0.001
Hungarian	7.11453304819	13	MIWord5_Bugfix.py	REAL_REAL	0.001
Hungarian	8.63457832384	5	MIWord5_Bugfix.py	REVERSE	0.001
Hungarian	3.53423821352	26	MIWord5_Content_Bugfix.py	REAL_REAL	0.001
Hungarian	4.80313580085	5	MIWord5_Content_Bugfix.py	REVERSE	0.001
Hungarian	5.00303472285	31	MIWord5_Content_PlainUD_Bugfix.py	REAL_REAL	0.0001
Hungarian	5.14148878487	21	MIWord5_Content_PlainUD_Bugfix.py	REVERSE	0.0001
Hungarian	5.31035875272	5	MIWord5_NoUDArtifacts_Bugfix.py	REAL_REAL	0.001
Hungarian	5.43048482736	6	MIWord5_NoUDArtifacts_Bugfix.py	REVERSE	0.001
Hungarian	5.1808395937	9	MIWord5_NoUDArtifacts_PlainUD_Bugfix.py	REAL_REAL	0.001
Hungarian	5.74841551404	5	MIWord5_NoUDArtifacts_PlainUD_Bugfix.py	REVERSE	0.001
Hungarian	5.70197582759	28	MIWord5_PlainUD_Bugfix.py	REAL_REAL	0.001
Hungarian	9.23374380709	7	MIWord5_PlainUD_Bugfix.py	REVERSE	0.001
Indonesian	4.57350155943	10	MIWord5_Bugfix.py	REAL_REAL	0.001
Indonesian	4.27535876463	13	MIWord5_Bugfix.py	REVERSE	0.001
Indonesian	1.88311134635	23	MIWord5_Content_Bugfix.py	REAL_REAL	0.001
Indonesian	1.98066844575	16	MIWord5_Content_Bugfix.py	REVERSE	0.001
Indonesian	2.83865497644	20	MIWord5_Content_PlainUD_Bugfix.py	REAL_REAL	0.0001
Indonesian	2.34066988826	58	MIWord5_Content_PlainUD_Bugfix.py	REVERSE	0.0001
Indonesian	2.10995301189	16	MIWord5_NoUDArtifacts_Bugfix.py	REAL_REAL	0.001
Indonesian	2.47076053741	14	MIWord5_NoUDArtifacts_Bugfix.py	REVERSE	0.001
Indonesian	2.20170439776	13	MIWord5_NoUDArtifacts_PlainUD_Bugfix.py	REAL_REAL	0.001
Indonesian	2.57296717511	17	MIWord5_NoUDArtifacts_PlainUD_Bugfix.py	REVERSE	0.001
Indonesian	4.27688659358	19	MIWord5_PlainUD_Bugfix.py	REAL_REAL	0.001
Indonesian	4.58506466905	11	MIWord5_PlainUD_Bugfix.py	REVERSE	0.001
Italian	3.57067752837	12	MIWord5_Bugfix.py	REAL_REAL	0.001
Italian	4.2032418467	16	MIWord5_Bugfix.py	REVERSE	0.001
Italian	1.61736886781	13	MIWord5_Content_Bugfix.py	REAL_REAL	0.001
Italian	1.91197833044	13	MIWord5_Content_Bugfix.py	REVERSE	0.001
Italian	2.18406795581	21	MIWord5_Content_PlainUD_Bugfix.py	REAL_REAL	0.0001
Italian	2.45235958565	31	MIWord5_Content_PlainUD_Bugfix.py	REVERSE	0.0001
Italian	1.80729228451	10	MIWord5_NoUDArtifacts_Bugfix.py	REAL_REAL	0.001
Italian	2.39463831877	13	MIWord5_NoUDArtifacts_Bugfix.py	REVERSE	0.001
Italian	1.80773106369	14	MIWord5_NoUDArtifacts_PlainUD_Bugfix.py	REAL_REAL	0.001
Italian	2.69708135563	12	MIWord5_NoUDArtifacts_PlainUD_Bugfix.py	REVERSE	0.001
Italian	3.84175688483	7	MIWord5_PlainUD_Bugfix.py	REAL_REAL	0.001
Italian	4.86353904544	10	MIWord5_PlainUD_Bugfix.py	REVERSE	0.001
Japanese	2.72069650057	15	MIWord5_Bugfix.py	REAL_REAL	0.001
Japanese	4.46476238923	10	MIWord5_Bugfix.py	REVERSE	0.001
Japanese	1.63689203108	13	MIWord5_Content_Bugfix.py	REAL_REAL	0.001
Japanese	3.00005006023	8	MIWord5_Content_Bugfix.py	REVERSE	0.001
Japanese	3.29902446608	13	MIWord5_Content_PlainUD_Bugfix.py	REAL_REAL	0.0001
Japanese	3.87027278678	9	MIWord5_Content_PlainUD_Bugfix.py	REVERSE	0.0001
Japanese	2.24866192545	16	MIWord5_NoUDArtifacts_Bugfix.py	REAL_REAL	0.001
Japanese	3.19817525472	19	MIWord5_NoUDArtifacts_Bugfix.py	REVERSE	0.001
Japanese	2.88896742474	13	MIWord5_NoUDArtifacts_PlainUD_Bugfix.py	REAL_REAL	0.001
Japanese	3.57712253418	8	MIWord5_NoUDArtifacts_PlainUD_Bugfix.py	REVERSE	0.001
Japanese	3.3907079225	11	MIWord5_PlainUD_Bugfix.py	REAL_REAL	0.001
Japanese	4.7959002334	8	MIWord5_PlainUD_Bugfix.py	REVERSE	0.001
Kazakh-Adap	4.67325095069	32	MIWord5_Bugfix.py	REAL_REAL	0.001
Kazakh-Adap	6.09434013174	4	MIWord5_Bugfix.py	REVERSE	0.001
Kazakh-Adap	2.72421245154	20	MIWord5_Content_Bugfix.py	REAL_REAL	0.001
Kazakh-Adap	3.07614233032	9	MIWord5_Content_Bugfix.py	REVERSE	0.001
Kazakh-Adap	3.08121310223	65	MIWord5_Content_PlainUD_Bugfix.py	REAL_REAL	0.0001
Kazakh-Adap	3.1664407569	46	MIWord5_Content_PlainUD_Bugfix.py	REVERSE	0.0001
Kazakh-Adap	3.26987479836	8	MIWord5_NoUDArtifacts_Bugfix.py	REAL_REAL	0.001
Kazakh-Adap	3.3056807971	9	MIWord5_NoUDArtifacts_Bugfix.py	REVERSE	0.001
Kazakh-Adap	3.33509771883	8	MIWord5_NoUDArtifacts_PlainUD_Bugfix.py	REAL_REAL	0.001
Kazakh-Adap	3.39386897398	7	MIWord5_NoUDArtifacts_PlainUD_Bugfix.py	REVERSE	0.001
Kazakh-Adap	5.19303018621	22	MIWord5_PlainUD_Bugfix.py	REAL_REAL	0.001
Kazakh-Adap	6.15419924328	8	MIWord5_PlainUD_Bugfix.py	REVERSE	0.001
Korean	2.29118815232	16	MIWord5_Bugfix.py	REAL_REAL	0.001
Korean	5.62371431516	12	MIWord5_Bugfix.py	REVERSE	0.001
Korean	1.49945434417	12	MIWord5_Content_Bugfix.py	REAL_REAL	0.001
Korean	3.27372028915	12	MIWord5_Content_Bugfix.py	REVERSE	0.001
Korean	2.12383410612	20	MIWord5_Content_PlainUD_Bugfix.py	REAL_REAL	0.0001
Korean	3.80766641348	6	MIWord5_Content_PlainUD_Bugfix.py	REVERSE	0.0001
Korean	1.72041270842	8	MIWord5_NoUDArtifacts_Bugfix.py	REAL_REAL	0.001
Korean	3.38554209882	10	MIWord5_NoUDArtifacts_Bugfix.py	REVERSE	0.001
Korean	1.63499435102	11	MIWord5_NoUDArtifacts_PlainUD_Bugfix.py	REAL_REAL	0.001
Korean	3.36021157435	13	MIWord5_NoUDArtifacts_PlainUD_Bugfix.py	REVERSE	0.001
Korean	2.26993439063	16	MIWord5_PlainUD_Bugfix.py	REAL_REAL	0.001
Korean	5.62075244909	13	MIWord5_PlainUD_Bugfix.py	REVERSE	0.001
Kurmanji-Adap	7.43635180028	8	MIWord5_Bugfix.py	REAL_REAL	0.001
Kurmanji-Adap	7.88660223083	7	MIWord5_Bugfix.py	REVERSE	0.001
Kurmanji-Adap	3.95711800842	6	MIWord5_Content_Bugfix.py	REAL_REAL	0.001
Kurmanji-Adap	4.00972001101	6	MIWord5_Content_Bugfix.py	REVERSE	0.001
Kurmanji-Adap	3.98986181346	44	MIWord5_Content_PlainUD_Bugfix.py	REAL_REAL	0.0001
Kurmanji-Adap	3.98512127538	50	MIWord5_Content_PlainUD_Bugfix.py	REVERSE	0.0001
Kurmanji-Adap	4.51451329965	18	MIWord5_NoUDArtifacts_Bugfix.py	REAL_REAL	0.001
Kurmanji-Adap	5.86492926247	5	MIWord5_NoUDArtifacts_Bugfix.py	REVERSE	0.001
Kurmanji-Adap	5.52339556818	5	MIWord5_NoUDArtifacts_PlainUD_Bugfix.py	REAL_REAL	0.001
Kurmanji-Adap	5.68845137256	4	MIWord5_NoUDArtifacts_PlainUD_Bugfix.py	REVERSE	0.001
Kurmanji-Adap	6.18781695885	18	MIWord5_PlainUD_Bugfix.py	REAL_REAL	0.001
Kurmanji-Adap	7.8541870373	5	MIWord5_PlainUD_Bugfix.py	REVERSE	0.001
Latin	5.41295073037	13	MIWord5_Bugfix.py	REAL_REAL	0.001
Latin	6.82799921724	13	MIWord5_Bugfix.py	REVERSE	0.001
Latin	3.49348646986	11	MIWord5_Content_Bugfix.py	REAL_REAL	0.001
Latin	4.04667393949	12	MIWord5_Content_Bugfix.py	REVERSE	0.001
Latin	4.30234465114	14	MIWord5_Content_PlainUD_Bugfix.py	REAL_REAL	0.0001
Latin	4.69227170145	19	MIWord5_Content_PlainUD_Bugfix.py	REVERSE	0.0001
Latin	3.72493272189	16	MIWord5_NoUDArtifacts_Bugfix.py	REAL_REAL	0.001
Latin	4.78776596205	13	MIWord5_NoUDArtifacts_Bugfix.py	REVERSE	0.001
Latin	3.60671740186	13	MIWord5_NoUDArtifacts_PlainUD_Bugfix.py	REAL_REAL	0.001
Latin	4.80794452459	12	MIWord5_NoUDArtifacts_PlainUD_Bugfix.py	REVERSE	0.001
Latin	5.28830512967	10	MIWord5_PlainUD_Bugfix.py	REAL_REAL	0.001
Latin	6.8008704908	13	MIWord5_PlainUD_Bugfix.py	REVERSE	0.001
Latvian	4.26908869988	12	MIWord5_Bugfix.py	REAL_REAL	0.001
Latvian	5.61035215439	8	MIWord5_Bugfix.py	REVERSE	0.001
Latvian	1.98986375343	20	MIWord5_Content_Bugfix.py	REAL_REAL	0.001
Latvian	3.02506343615	3	MIWord5_Content_Bugfix.py	REVERSE	0.001
Latvian	3.18431484667	27	MIWord5_Content_PlainUD_Bugfix.py	REAL_REAL	0.0001
Latvian	3.24564031774	16	MIWord5_Content_PlainUD_Bugfix.py	REVERSE	0.0001
Latvian	2.2880210616	15	MIWord5_NoUDArtifacts_Bugfix.py	REAL_REAL	0.001
Latvian	3.73308704003	3	MIWord5_NoUDArtifacts_Bugfix.py	REVERSE	0.001
Latvian	2.63164060793	11	MIWord5_NoUDArtifacts_PlainUD_Bugfix.py	REAL_REAL	0.001
Latvian	3.16140226794	18	MIWord5_NoUDArtifacts_PlainUD_Bugfix.py	REVERSE	0.001
Latvian	4.10819826065	15	MIWord5_PlainUD_Bugfix.py	REAL_REAL	0.001
Latvian	5.13372271258	25	MIWord5_PlainUD_Bugfix.py	REVERSE	0.001
Maltese	4.3421785607	26	MIWord5_Bugfix.py	REAL_REAL	0.001
Maltese	6.19222343819	11	MIWord5_Bugfix.py	REVERSE	0.001
Maltese	2.8725440692	6	MIWord5_Content_Bugfix.py	REAL_REAL	0.001
Maltese	2.90063261073	5	MIWord5_Content_Bugfix.py	REVERSE	0.001
Maltese	3.43134556614	29	MIWord5_Content_PlainUD_Bugfix.py	REAL_REAL	0.0001
Maltese	3.45509096639	30	MIWord5_Content_PlainUD_Bugfix.py	REVERSE	0.0001
Maltese	4.322149678	5	MIWord5_NoUDArtifacts_Bugfix.py	REAL_REAL	0.001
Maltese	3.53944174593	20	MIWord5_NoUDArtifacts_Bugfix.py	REVERSE	0.001
Maltese	3.34630928297	16	MIWord5_NoUDArtifacts_PlainUD_Bugfix.py	REAL_REAL	0.001
Maltese	4.34928269666	14	MIWord5_NoUDArtifacts_PlainUD_Bugfix.py	REVERSE	0.001
Maltese	4.71756750046	20	MIWord5_PlainUD_Bugfix.py	REAL_REAL	0.001
Maltese	7.99998457706	3	MIWord5_PlainUD_Bugfix.py	REVERSE	0.001
Marathi	4.14418683811	53	MIWord5_Bugfix.py	REAL_REAL	0.001
Marathi	4.85420205376	18	MIWord5_Bugfix.py	REVERSE	0.001
Marathi	2.11075423414	19	MIWord5_Content_Bugfix.py	REAL_REAL	0.001
Marathi	2.07690172087	25	MIWord5_Content_Bugfix.py	REVERSE	0.001
Marathi	2.30038216764	196	MIWord5_Content_PlainUD_Bugfix.py	REAL_REAL	0.0001
Marathi	2.31645426317	191	MIWord5_Content_PlainUD_Bugfix.py	REVERSE	0.0001
Marathi	2.48160623745	62	MIWord5_NoUDArtifacts_Bugfix.py	REAL_REAL	0.001
Marathi	3.05304941589	15	MIWord5_NoUDArtifacts_Bugfix.py	REVERSE	0.001
Marathi	3.14703597264	25	MIWord5_NoUDArtifacts_PlainUD_Bugfix.py	REAL_REAL	0.001
Marathi	3.19910475558	26	MIWord5_NoUDArtifacts_PlainUD_Bugfix.py	REVERSE	0.001
Marathi	5.08706316623	22	MIWord5_PlainUD_Bugfix.py	REAL_REAL	0.001
Marathi	5.25305085832	22	MIWord5_PlainUD_Bugfix.py	REVERSE	0.001
Naija-Adap	5.53554144225	6	MIWord5_Bugfix.py	REAL_REAL	0.001
Naija-Adap	5.59561602369	5	MIWord5_Bugfix.py	REVERSE	0.001
Naija-Adap	2.44187023276	9	MIWord5_Content_Bugfix.py	REAL_REAL	0.001
Naija-Adap	2.43633225487	11	MIWord5_Content_Bugfix.py	REVERSE	0.001
Naija-Adap	2.80732461156	63	MIWord5_Content_PlainUD_Bugfix.py	REAL_REAL	0.0001
Naija-Adap	2.81853446287	61	MIWord5_Content_PlainUD_Bugfix.py	REVERSE	0.0001
Naija-Adap	3.47647064805	12	MIWord5_NoUDArtifacts_Bugfix.py	REAL_REAL	0.001
Naija-Adap	3.55240380596	12	MIWord5_NoUDArtifacts_Bugfix.py	REVERSE	0.001
Naija-Adap	3.16049613173	25	MIWord5_NoUDArtifacts_PlainUD_Bugfix.py	REAL_REAL	0.001
Naija-Adap	3.98115932401	9	MIWord5_NoUDArtifacts_PlainUD_Bugfix.py	REVERSE	0.001
Naija-Adap	5.90068676711	10	MIWord5_PlainUD_Bugfix.py	REAL_REAL	0.001
Naija-Adap	6.1075886737	6	MIWord5_PlainUD_Bugfix.py	REVERSE	0.001
North_Sami	5.03331808244	29	MIWord5_Bugfix.py	REAL_REAL	0.001
North_Sami	7.08721464535	4	MIWord5_Bugfix.py	REVERSE	0.001
North_Sami	3.092938775	6	MIWord5_Content_Bugfix.py	REAL_REAL	0.001
North_Sami	3.09612607684	6	MIWord5_Content_Bugfix.py	REVERSE	0.001
North_Sami	3.1685184646	41	MIWord5_Content_PlainUD_Bugfix.py	REAL_REAL	0.0001
North_Sami	3.17604522657	43	MIWord5_Content_PlainUD_Bugfix.py	REVERSE	0.0001
North_Sami	2.95790952612	32	MIWord5_NoUDArtifacts_Bugfix.py	REAL_REAL	0.001
North_Sami	4.06310518176	9	MIWord5_NoUDArtifacts_Bugfix.py	REVERSE	0.001
North_Sami	2.6203444186	36	MIWord5_NoUDArtifacts_PlainUD_Bugfix.py	REAL_REAL	0.001
North_Sami	4.15472105002	6	MIWord5_NoUDArtifacts_PlainUD_Bugfix.py	REVERSE	0.001
North_Sami	6.87662103826	5	MIWord5_PlainUD_Bugfix.py	REAL_REAL	0.001
North_Sami	6.95048517928	6	MIWord5_PlainUD_Bugfix.py	REVERSE	0.001
Norwegian	2.91355871432	21	MIWord5_Bugfix.py	REAL_REAL	0.001
Norwegian	3.949638543	8	MIWord5_Bugfix.py	REVERSE	0.001
Norwegian	1.39705957881	14	MIWord5_Content_Bugfix.py	REAL_REAL	0.001
Norwegian	1.85884142747	16	MIWord5_Content_Bugfix.py	REVERSE	0.001
Norwegian	2.06514223148	21	MIWord5_Content_PlainUD_Bugfix.py	REAL_REAL	0.0001
Norwegian	2.61229611418	22	MIWord5_Content_PlainUD_Bugfix.py	REVERSE	0.0001
Norwegian	1.59600309039	17	MIWord5_NoUDArtifacts_Bugfix.py	REAL_REAL	0.001
Norwegian	2.54402931571	11	MIWord5_NoUDArtifacts_Bugfix.py	REVERSE	0.001
Norwegian	1.63448772328	14	MIWord5_NoUDArtifacts_PlainUD_Bugfix.py	REAL_REAL	0.001
Norwegian	2.82721223604	17	MIWord5_NoUDArtifacts_PlainUD_Bugfix.py	REVERSE	0.001
Norwegian	2.92607931633	20	MIWord5_PlainUD_Bugfix.py	REAL_REAL	0.001
Norwegian	4.32160853199	15	MIWord5_PlainUD_Bugfix.py	REVERSE	0.001
Old_Church_Slavonic	5.2374162177	19	MIWord5_Bugfix.py	REAL_REAL	0.001
Old_Church_Slavonic	5.81101075848	25	MIWord5_Bugfix.py	REVERSE	0.001
Old_Church_Slavonic	3.09786805861	18	MIWord5_Content_Bugfix.py	REAL_REAL	0.001
Old_Church_Slavonic	2.93833061879	33	MIWord5_Content_Bugfix.py	REVERSE	0.001
Old_Church_Slavonic	3.93824850791	20	MIWord5_Content_PlainUD_Bugfix.py	REAL_REAL	0.0001
Old_Church_Slavonic	3.93356885013	33	MIWord5_Content_PlainUD_Bugfix.py	REVERSE	0.0001
Old_Church_Slavonic	3.12004415366	21	MIWord5_NoUDArtifacts_Bugfix.py	REAL_REAL	0.001
Old_Church_Slavonic	3.443126915	26	MIWord5_NoUDArtifacts_Bugfix.py	REVERSE	0.001
Old_Church_Slavonic	3.64702823611	10	MIWord5_NoUDArtifacts_PlainUD_Bugfix.py	REAL_REAL	0.001
Old_Church_Slavonic	4.73902671276	5	MIWord5_NoUDArtifacts_PlainUD_Bugfix.py	REVERSE	0.001
Old_Church_Slavonic	4.65972754342	25	MIWord5_PlainUD_Bugfix.py	REAL_REAL	0.001
Old_Church_Slavonic	6.23406722727	12	MIWord5_PlainUD_Bugfix.py	REVERSE	0.001
Old_French	3.29582947151	11	MIWord5_Bugfix.py	REAL_REAL	0.001
Old_French	4.9264100669	21	MIWord5_Bugfix.py	REVERSE	0.001
Old_French	1.90320121557	18	MIWord5_Content_Bugfix.py	REAL_REAL	0.001
Old_French	2.79726075354	11	MIWord5_Content_Bugfix.py	REVERSE	0.001
Old_French	3.25979534232	23	MIWord5_Content_PlainUD_Bugfix.py	REAL_REAL	0.0001
Old_French	3.3727186048	39	MIWord5_Content_PlainUD_Bugfix.py	REVERSE	0.0001
Old_French	2.06232936843	20	MIWord5_NoUDArtifacts_Bugfix.py	REAL_REAL	0.001
Old_French	3.53550372944	10	MIWord5_NoUDArtifacts_Bugfix.py	REVERSE	0.001
Old_French	2.42940459173	9	MIWord5_NoUDArtifacts_PlainUD_Bugfix.py	REAL_REAL	0.001
Old_French	3.48222739174	19	MIWord5_NoUDArtifacts_PlainUD_Bugfix.py	REVERSE	0.001
Old_French	3.10261178868	16	MIWord5_PlainUD_Bugfix.py	REAL_REAL	0.001
Old_French	5.36065649283	19	MIWord5_PlainUD_Bugfix.py	REVERSE	0.001
Persian	4.21813000143	18	MIWord5_Bugfix.py	REAL_REAL	0.001
Persian	8.6054079296	4	MIWord5_Bugfix.py	REVERSE	0.001
Persian	2.42093748613	23	MIWord5_Content_Bugfix.py	REAL_REAL	0.001
Persian	3.76149945584	12	MIWord5_Content_Bugfix.py	REVERSE	0.001
Persian	4.07265489282	17	MIWord5_Content_PlainUD_Bugfix.py	REAL_REAL	0.0001
Persian	4.91462480787	8	MIWord5_Content_PlainUD_Bugfix.py	REVERSE	0.0001
Persian	2.9666028611	16	MIWord5_NoUDArtifacts_Bugfix.py	REAL_REAL	0.001
Persian	4.85076456654	14	MIWord5_NoUDArtifacts_Bugfix.py	REVERSE	0.001
Persian	2.82559923773	17	MIWord5_NoUDArtifacts_PlainUD_Bugfix.py	REAL_REAL	0.001
Persian	5.09444729251	13	MIWord5_NoUDArtifacts_PlainUD_Bugfix.py	REVERSE	0.001
Persian	4.19397514004	14	MIWord5_PlainUD_Bugfix.py	REAL_REAL	0.001
Persian	7.1082289533	18	MIWord5_PlainUD_Bugfix.py	REVERSE	0.001
Polish	2.3205407709	31	MIWord5_Bugfix.py	REAL_REAL	0.001
Polish	2.84917908518	24	MIWord5_Bugfix.py	REVERSE	0.001
Polish	1.52797378427	22	MIWord5_Content_Bugfix.py	REAL_REAL	0.001
Polish	2.67887704736	3	MIWord5_Content_Bugfix.py	REVERSE	0.001
Polish	2.72367451001	44	MIWord5_Content_PlainUD_Bugfix.py	REAL_REAL	0.0001
Polish	2.8400659133	21	MIWord5_Content_PlainUD_Bugfix.py	REVERSE	0.0001
Polish	1.60205279148	26	MIWord5_NoUDArtifacts_Bugfix.py	REAL_REAL	0.001
Polish	2.09706214333	24	MIWord5_NoUDArtifacts_Bugfix.py	REVERSE	0.001
Polish	1.70788191713	22	MIWord5_NoUDArtifacts_PlainUD_Bugfix.py	REAL_REAL	0.001
Polish	2.15791679683	32	MIWord5_NoUDArtifacts_PlainUD_Bugfix.py	REVERSE	0.001
Polish	2.4502442778	23	MIWord5_PlainUD_Bugfix.py	REAL_REAL	0.001
Polish	3.24550120288	18	MIWord5_PlainUD_Bugfix.py	REVERSE	0.001
Portuguese	3.08905083268	10	MIWord5_Bugfix.py	REAL_REAL	0.001
Portuguese	3.1517289783	12	MIWord5_Bugfix.py	REVERSE	0.001
Portuguese	1.79395495766	17	MIWord5_Content_Bugfix.py	REAL_REAL	0.001
Portuguese	1.78620306348	15	MIWord5_Content_Bugfix.py	REVERSE	0.001
Portuguese	2.7592262336	13	MIWord5_Content_PlainUD_Bugfix.py	REAL_REAL	0.0001
Portuguese	2.54053990514	30	MIWord5_Content_PlainUD_Bugfix.py	REVERSE	0.0001
Portuguese	1.96179339119	13	MIWord5_NoUDArtifacts_Bugfix.py	REAL_REAL	0.001
Portuguese	2.18979888764	13	MIWord5_NoUDArtifacts_Bugfix.py	REVERSE	0.001
Portuguese	2.06646453433	14	MIWord5_NoUDArtifacts_PlainUD_Bugfix.py	REAL_REAL	0.001
Portuguese	2.71986090968	8	MIWord5_NoUDArtifacts_PlainUD_Bugfix.py	REVERSE	0.001
Portuguese	3.11266418702	12	MIWord5_PlainUD_Bugfix.py	REAL_REAL	0.001
Portuguese	3.57511357099	13	MIWord5_PlainUD_Bugfix.py	REVERSE	0.001
Romanian	3.64982420901	19	MIWord5_Bugfix.py	REAL_REAL	0.001
Romanian	4.42719849661	9	MIWord5_Bugfix.py	REVERSE	0.001
Romanian	2.54059512593	7	MIWord5_Content_Bugfix.py	REAL_REAL	0.001
Romanian	2.34037958326	10	MIWord5_Content_Bugfix.py	REVERSE	0.001
Romanian	2.54371320641	48	MIWord5_Content_PlainUD_Bugfix.py	REAL_REAL	0.0001
Romanian	3.00827425901	23	MIWord5_Content_PlainUD_Bugfix.py	REVERSE	0.0001
Romanian	2.4438411865	11	MIWord5_NoUDArtifacts_Bugfix.py	REAL_REAL	0.001
Romanian	2.65171194127	17	MIWord5_NoUDArtifacts_Bugfix.py	REVERSE	0.001
Romanian	2.27260760185	20	MIWord5_NoUDArtifacts_PlainUD_Bugfix.py	REAL_REAL	0.001
Romanian	3.28356997288	7	MIWord5_NoUDArtifacts_PlainUD_Bugfix.py	REVERSE	0.001
Romanian	3.74045619719	19	MIWord5_PlainUD_Bugfix.py	REAL_REAL	0.001
Romanian	4.48394732086	18	MIWord5_PlainUD_Bugfix.py	REVERSE	0.001
Russian	3.09067794948	16	MIWord5_Bugfix.py	REAL_REAL	0.001
Russian	4.15403095369	14	MIWord5_Bugfix.py	REVERSE	0.001
Russian	1.43389602601	16	MIWord5_Content_Bugfix.py	REAL_REAL	0.001
Russian	1.97051075323	14	MIWord5_Content_Bugfix.py	REVERSE	0.001
Russian	1.75922079199	30	MIWord5_Content_PlainUD_Bugfix.py	REAL_REAL	0.0001
Russian	2.45223864197	26	MIWord5_Content_PlainUD_Bugfix.py	REVERSE	0.0001
Russian	1.59578045885	15	MIWord5_NoUDArtifacts_Bugfix.py	REAL_REAL	0.001
Russian	2.39136416128	15	MIWord5_NoUDArtifacts_Bugfix.py	REVERSE	0.001
Russian	1.62453374685	12	MIWord5_NoUDArtifacts_PlainUD_Bugfix.py	REAL_REAL	0.001
Russian	2.55889762272	14	MIWord5_NoUDArtifacts_PlainUD_Bugfix.py	REVERSE	0.001
Russian	3.1425519386	14	MIWord5_PlainUD_Bugfix.py	REAL_REAL	0.001
Russian	4.50577767946	12	MIWord5_PlainUD_Bugfix.py	REVERSE	0.001
Serbian	3.53315627612	21	MIWord5_Bugfix.py	REAL_REAL	0.001
Serbian	6.17667666142	5	MIWord5_Bugfix.py	REVERSE	0.001
Serbian	1.78253686635	17	MIWord5_Content_Bugfix.py	REAL_REAL	0.001
Serbian	2.24946434581	23	MIWord5_Content_Bugfix.py	REVERSE	0.001
Serbian	2.37619001524	57	MIWord5_Content_PlainUD_Bugfix.py	REAL_REAL	0.0001
Serbian	3.27748366344	18	MIWord5_Content_PlainUD_Bugfix.py	REVERSE	0.0001
Serbian	1.82389727072	27	MIWord5_NoUDArtifacts_Bugfix.py	REAL_REAL	0.001
Serbian	2.93129157576	25	MIWord5_NoUDArtifacts_Bugfix.py	REVERSE	0.001
Serbian	2.11773093656	15	MIWord5_NoUDArtifacts_PlainUD_Bugfix.py	REAL_REAL	0.001
Serbian	3.79346239795	9	MIWord5_NoUDArtifacts_PlainUD_Bugfix.py	REVERSE	0.001
Serbian	3.6248569345	21	MIWord5_PlainUD_Bugfix.py	REAL_REAL	0.001
Serbian	4.66181808307	26	MIWord5_PlainUD_Bugfix.py	REVERSE	0.001
Slovak	2.89983741953	20	MIWord5_Bugfix.py	REAL_REAL	0.001
Slovak	3.84515196664	19	MIWord5_Bugfix.py	REVERSE	0.001
Slovak	2.01583926061	12	MIWord5_Content_Bugfix.py	REAL_REAL	0.001
Slovak	2.38389069141	18	MIWord5_Content_Bugfix.py	REVERSE	0.001
Slovak	3.14043256397	20	MIWord5_Content_PlainUD_Bugfix.py	REAL_REAL	0.0001
Slovak	3.20228891882	13	MIWord5_Content_PlainUD_Bugfix.py	REVERSE	0.0001
Slovak	1.81217521199	22	MIWord5_NoUDArtifacts_Bugfix.py	REAL_REAL	0.001
Slovak	2.61484730451	17	MIWord5_NoUDArtifacts_Bugfix.py	REVERSE	0.001
Slovak	1.97396257909	16	MIWord5_NoUDArtifacts_PlainUD_Bugfix.py	REAL_REAL	0.001
Slovak	2.5985254622	26	MIWord5_NoUDArtifacts_PlainUD_Bugfix.py	REVERSE	0.001
Slovak	3.12713765408	15	MIWord5_PlainUD_Bugfix.py	REAL_REAL	0.001
Slovak	4.06990592349	22	MIWord5_PlainUD_Bugfix.py	REVERSE	0.001
Slovenian	4.06744009607	19	MIWord5_Bugfix.py	REAL_REAL	0.001
Slovenian	5.44812064515	17	MIWord5_Bugfix.py	REVERSE	0.001
Slovenian	1.80736798121	20	MIWord5_Content_Bugfix.py	REAL_REAL	0.001
Slovenian	2.38608822694	15	MIWord5_Content_Bugfix.py	REVERSE	0.001
Slovenian	2.32215790676	52	MIWord5_Content_PlainUD_Bugfix.py	REAL_REAL	0.0001
Slovenian	3.5130970079	10	MIWord5_Content_PlainUD_Bugfix.py	REVERSE	0.0001
Slovenian	2.21537755955	14	MIWord5_NoUDArtifacts_Bugfix.py	REAL_REAL	0.001
Slovenian	3.06270458817	14	MIWord5_NoUDArtifacts_Bugfix.py	REVERSE	0.001
Slovenian	2.18508983187	15	MIWord5_NoUDArtifacts_PlainUD_Bugfix.py	REAL_REAL	0.001
Slovenian	3.36856594959	12	MIWord5_NoUDArtifacts_PlainUD_Bugfix.py	REVERSE	0.001
Slovenian	4.84973309526	7	MIWord5_PlainUD_Bugfix.py	REAL_REAL	0.001
Slovenian	5.80398216034	21	MIWord5_PlainUD_Bugfix.py	REVERSE	0.001
Spanish	3.49506953677	12	MIWord5_Bugfix.py	REAL_REAL	0.001
Spanish	3.75372968883	19	MIWord5_Bugfix.py	REVERSE	0.001
Spanish	1.80190432783	14	MIWord5_Content_Bugfix.py	REAL_REAL	0.001
Spanish	1.94893110656	14	MIWord5_Content_Bugfix.py	REVERSE	0.001
Spanish	2.25911867236	20	MIWord5_Content_PlainUD_Bugfix.py	REAL_REAL	0.0001
Spanish	2.70182630839	16	MIWord5_Content_PlainUD_Bugfix.py	REVERSE	0.0001
Spanish	2.0522941916	12	MIWord5_NoUDArtifacts_Bugfix.py	REAL_REAL	0.001
Spanish	2.49102487526	16	MIWord5_NoUDArtifacts_Bugfix.py	REVERSE	0.001
Spanish	2.18264320673	13	MIWord5_NoUDArtifacts_PlainUD_Bugfix.py	REAL_REAL	0.001
Spanish	2.90800677631	16	MIWord5_NoUDArtifacts_PlainUD_Bugfix.py	REVERSE	0.001
Spanish	3.59333725114	14	MIWord5_PlainUD_Bugfix.py	REAL_REAL	0.001
Spanish	4.37002992935	20	MIWord5_PlainUD_Bugfix.py	REVERSE	0.001
Swedish	4.2046183903	12	MIWord5_Bugfix.py	REAL_REAL	0.001
Swedish	5.36719744525	10	MIWord5_Bugfix.py	REVERSE	0.001
Swedish	1.90199457574	15	MIWord5_Content_Bugfix.py	REAL_REAL	0.001
Swedish	2.33349579365	22	MIWord5_Content_Bugfix.py	REVERSE	0.001
Swedish	2.7285306507	41	MIWord5_Content_PlainUD_Bugfix.py	REAL_REAL	0.0001
Swedish	3.6497160817	12	MIWord5_Content_PlainUD_Bugfix.py	REVERSE	0.0001
Swedish	2.08376136517	22	MIWord5_NoUDArtifacts_Bugfix.py	REAL_REAL	0.001
Swedish	3.10443681025	17	MIWord5_NoUDArtifacts_Bugfix.py	REVERSE	0.001
Swedish	2.24233734212	18	MIWord5_NoUDArtifacts_PlainUD_Bugfix.py	REAL_REAL	0.001
Swedish	3.51754773021	16	MIWord5_NoUDArtifacts_PlainUD_Bugfix.py	REVERSE	0.001
Swedish	5.38003780995	5	MIWord5_PlainUD_Bugfix.py	REAL_REAL	0.001
Swedish	5.39457916621	24	MIWord5_PlainUD_Bugfix.py	REVERSE	0.001
Tamil	6.07382134908	19	MIWord5_Bugfix.py	REAL_REAL	0.001
Tamil	6.96333350667	4	MIWord5_Bugfix.py	REVERSE	0.001
Tamil	4.20779890761	7	MIWord5_Content_Bugfix.py	REAL_REAL	0.001
Tamil	4.27047707708	6	MIWord5_Content_Bugfix.py	REVERSE	0.001
Tamil	4.32821752076	53	MIWord5_Content_PlainUD_Bugfix.py	REAL_REAL	0.0001
Tamil	4.36270133182	57	MIWord5_Content_PlainUD_Bugfix.py	REVERSE	0.0001
Tamil	4.93987274774	7	MIWord5_NoUDArtifacts_Bugfix.py	REAL_REAL	0.001
Tamil	4.9647580439	10	MIWord5_NoUDArtifacts_Bugfix.py	REVERSE	0.001
Tamil	5.00102121907	12	MIWord5_NoUDArtifacts_PlainUD_Bugfix.py	REAL_REAL	0.001
Tamil	5.14382610261	7	MIWord5_NoUDArtifacts_PlainUD_Bugfix.py	REVERSE	0.001
Tamil	7.12508188461	5	MIWord5_PlainUD_Bugfix.py	REAL_REAL	0.001
Tamil	7.13889313877	6	MIWord5_PlainUD_Bugfix.py	REVERSE	0.001
Telugu	2.57913259437	41	MIWord5_Bugfix.py	REAL_REAL	0.001
Telugu	2.99925694365	22	MIWord5_Bugfix.py	REVERSE	0.001
Telugu	1.93402149382	29	MIWord5_Content_Bugfix.py	REAL_REAL	0.001
Telugu	2.02282795445	22	MIWord5_Content_Bugfix.py	REVERSE	0.001
Telugu	2.1786326296	147	MIWord5_Content_PlainUD_Bugfix.py	REAL_REAL	0.0001
Telugu	2.17855636375	118	MIWord5_Content_PlainUD_Bugfix.py	REVERSE	0.0001
Telugu	2.10295943479	27	MIWord5_NoUDArtifacts_Bugfix.py	REAL_REAL	0.001
Telugu	2.23223002656	19	MIWord5_NoUDArtifacts_Bugfix.py	REVERSE	0.001
Telugu	2.10401097309	32	MIWord5_NoUDArtifacts_PlainUD_Bugfix.py	REAL_REAL	0.001
Telugu	2.30361576095	17	MIWord5_NoUDArtifacts_PlainUD_Bugfix.py	REVERSE	0.001
Telugu	2.56654828445	45	MIWord5_PlainUD_Bugfix.py	REAL_REAL	0.001
Telugu	3.1152271785	21	MIWord5_PlainUD_Bugfix.py	REVERSE	0.001
Thai-Adap	5.6050957678	19	MIWord5_Bugfix.py	REAL_REAL	0.001
Thai-Adap	6.32611919852	16	MIWord5_Bugfix.py	REVERSE	0.001
Thai-Adap	3.74989332872	5	MIWord5_Content_Bugfix.py	REAL_REAL	0.001
Thai-Adap	3.74010014534	6	MIWord5_Content_Bugfix.py	REVERSE	0.001
Thai-Adap	4.05488024608	22	MIWord5_Content_PlainUD_Bugfix.py	REAL_REAL	0.0001
Thai-Adap	4.05625989595	21	MIWord5_Content_PlainUD_Bugfix.py	REVERSE	0.0001
Thai-Adap	3.63767738202	18	MIWord5_NoUDArtifacts_Bugfix.py	REAL_REAL	0.001
Thai-Adap	4.92884988206	5	MIWord5_NoUDArtifacts_Bugfix.py	REVERSE	0.001
Thai-Adap	4.16399385429	12	MIWord5_NoUDArtifacts_PlainUD_Bugfix.py	REAL_REAL	0.001
Thai-Adap	5.18504902019	8	MIWord5_NoUDArtifacts_PlainUD_Bugfix.py	REVERSE	0.001
Thai-Adap	5.46644065398	23	MIWord5_PlainUD_Bugfix.py	REAL_REAL	0.001
Thai-Adap	5.77789469151	32	MIWord5_PlainUD_Bugfix.py	REVERSE	0.001
Turkish	4.57844200547	23	MIWord5_Bugfix.py	REAL_REAL	0.001
Turkish	5.74542089602	10	MIWord5_Bugfix.py	REVERSE	0.001
Turkish	2.35623278016	21	MIWord5_Content_Bugfix.py	REAL_REAL	0.001
Turkish	2.89654798682	4	MIWord5_Content_Bugfix.py	REVERSE	0.001
Turkish	2.87703037472	24	MIWord5_Content_PlainUD_Bugfix.py	REAL_REAL	0.0001
Turkish	2.956678095	21	MIWord5_Content_PlainUD_Bugfix.py	REVERSE	0.0001
Turkish	2.72692066563	17	MIWord5_NoUDArtifacts_Bugfix.py	REAL_REAL	0.001
Turkish	2.9321423504	17	MIWord5_NoUDArtifacts_Bugfix.py	REVERSE	0.001
Turkish	2.77935834074	16	MIWord5_NoUDArtifacts_PlainUD_Bugfix.py	REAL_REAL	0.001
Turkish	3.30864496382	4	MIWord5_NoUDArtifacts_PlainUD_Bugfix.py	REVERSE	0.001
Turkish	4.69982878891	22	MIWord5_PlainUD_Bugfix.py	REAL_REAL	0.001
Turkish	6.1402833799	3	MIWord5_PlainUD_Bugfix.py	REVERSE	0.001
Ukrainian	3.52207229528	25	MIWord5_Bugfix.py	REAL_REAL	0.001
Ukrainian	4.55132677509	19	MIWord5_Bugfix.py	REVERSE	0.001
Ukrainian	2.93646414479	2	MIWord5_Content_Bugfix.py	REAL_REAL	0.001
Ukrainian	2.89630872775	3	MIWord5_Content_Bugfix.py	REVERSE	0.001
Ukrainian	3.13807846736	13	MIWord5_Content_PlainUD_Bugfix.py	REAL_REAL	0.0001
Ukrainian	3.1215438	15	MIWord5_Content_PlainUD_Bugfix.py	REVERSE	0.0001
Ukrainian	2.09061226993	16	MIWord5_NoUDArtifacts_Bugfix.py	REAL_REAL	0.001
Ukrainian	2.62806278985	21	MIWord5_NoUDArtifacts_Bugfix.py	REVERSE	0.001
Ukrainian	1.94181575523	23	MIWord5_NoUDArtifacts_PlainUD_Bugfix.py	REAL_REAL	0.001
Ukrainian	2.76012730242	26	MIWord5_NoUDArtifacts_PlainUD_Bugfix.py	REVERSE	0.001
Ukrainian	3.70135932863	20	MIWord5_PlainUD_Bugfix.py	REAL_REAL	0.001
Ukrainian	4.8356887745	20	MIWord5_PlainUD_Bugfix.py	REVERSE	0.001
Urdu	4.26099560168	9	MIWord5_Bugfix.py	REAL_REAL	0.001
Urdu	7.26770436006	7	MIWord5_Bugfix.py	REVERSE	0.001
Urdu	3.03749410315	7	MIWord5_Content_Bugfix.py	REAL_REAL	0.001
Urdu	3.94999458835	12	MIWord5_Content_Bugfix.py	REVERSE	0.001
Urdu	4.033957916	22	MIWord5_Content_PlainUD_Bugfix.py	REAL_REAL	0.0001
Urdu	5.46081538384	11	MIWord5_Content_PlainUD_Bugfix.py	REVERSE	0.0001
Urdu	2.96255524673	15	MIWord5_NoUDArtifacts_Bugfix.py	REAL_REAL	0.001
Urdu	4.86789339343	16	MIWord5_NoUDArtifacts_Bugfix.py	REVERSE	0.001
Urdu	3.36989281124	12	MIWord5_NoUDArtifacts_PlainUD_Bugfix.py	REAL_REAL	0.001
Urdu	5.6793522771	6	MIWord5_NoUDArtifacts_PlainUD_Bugfix.py	REVERSE	0.001
Urdu	4.72832347509	9	MIWord5_PlainUD_Bugfix.py	REAL_REAL	0.001
Urdu	7.46264573025	10	MIWord5_PlainUD_Bugfix.py	REVERSE	0.001
Uyghur-Adap	5.59872947291	10	MIWord5_Bugfix.py	REAL_REAL	0.001
Uyghur-Adap	6.39198509485	3	MIWord5_Bugfix.py	REVERSE	0.001
Uyghur-Adap	3.12319210135	8	MIWord5_Content_Bugfix.py	REAL_REAL	0.001
Uyghur-Adap	3.29267042412	7	MIWord5_Content_Bugfix.py	REVERSE	0.001
Uyghur-Adap	3.22651564134	30	MIWord5_Content_PlainUD_Bugfix.py	REAL_REAL	0.0001
Uyghur-Adap	3.35256218158	17	MIWord5_Content_PlainUD_Bugfix.py	REVERSE	0.0001
Uyghur-Adap	3.57549527197	9	MIWord5_NoUDArtifacts_Bugfix.py	REAL_REAL	0.001
Uyghur-Adap	3.83816204484	4	MIWord5_NoUDArtifacts_Bugfix.py	REVERSE	0.001
Uyghur-Adap	3.41873172726	14	MIWord5_NoUDArtifacts_PlainUD_Bugfix.py	REAL_REAL	0.001
Uyghur-Adap	3.85384927782	4	MIWord5_NoUDArtifacts_PlainUD_Bugfix.py	REVERSE	0.001
Uyghur-Adap	5.22143031811	19	MIWord5_PlainUD_Bugfix.py	REAL_REAL	0.001
Uyghur-Adap	6.05240653633	13	MIWord5_PlainUD_Bugfix.py	REVERSE	0.001
Vietnamese	4.67299516176	27	MIWord5_Bugfix.py	REAL_REAL	0.001
Vietnamese	5.41713458829	23	MIWord5_Bugfix.py	REVERSE	0.001
Vietnamese	3.0290355766	11	MIWord5_Content_Bugfix.py	REAL_REAL	0.001
Vietnamese	3.09953854414	13	MIWord5_Content_Bugfix.py	REVERSE	0.001
Vietnamese	3.31762504565	48	MIWord5_Content_PlainUD_Bugfix.py	REAL_REAL	0.0001
Vietnamese	3.37199760809	40	MIWord5_Content_PlainUD_Bugfix.py	REVERSE	0.0001
Vietnamese	2.9189359996	25	MIWord5_NoUDArtifacts_Bugfix.py	REAL_REAL	0.001
Vietnamese	3.78257353699	9	MIWord5_NoUDArtifacts_Bugfix.py	REVERSE	0.001
Vietnamese	3.14969535973	18	MIWord5_NoUDArtifacts_PlainUD_Bugfix.py	REAL_REAL	0.001
Vietnamese	3.59484288729	17	MIWord5_NoUDArtifacts_PlainUD_Bugfix.py	REVERSE	0.001
Vietnamese	4.66249532958	28	MIWord5_PlainUD_Bugfix.py	REAL_REAL	0.001
Vietnamese	5.12288734315	38	MIWord5_PlainUD_Bugfix.py	REVERSE	0.001
